zone,mant,pop,er,empe1,empe2,str,st,stu,stur,shop,park,hospb,vp,vm,emp,cbd
1,12,190,127,4843,10498,7,0,124,13,18107,915,0,0.143,0.12,67222.88,1
2,12,17,4,3533,4344,3,0,0,1,731,0,0,0.014,0.12,9538.95,1
3,12,786,252,577,1083,87,167,0,54,7357,6339,0,0.137,0.064,8131.45,1
4,12,1148,407,501,1139,146,315,0,79,4669,3640,0,0.211,0.207,3312.57,1
5,12,10713,3456,1064,1743,1950,1990,0,734,4459,24234,80,0.127,0.148,6176.55,1
6,12,3752,1218,491,1618,634,890,0,257,5056,8383,0,0.218,0.114,4391.58,1
7,12,4819,1525,999,1707,788,1448,0,330,2555,0,225,0.157,0.218,6764.32,1
8,12,7257,2749,173,335,1554,1501,0,497,323,128325,0,0.202,0.057,735,1
9,12,8143,2610,3981,4489,1396,570,0,558,2126,18145,0,0.169,0.064,7428.87,1
10,12,6682,1960,630,1112,1122,1080,0,458,968,4473,0,0.173,0.167,2654.22,1
11,12,11511,3542,967,2805,1766,1663,0,789,3730,461,72,0.146,0.088,5658.78,1
12,12,11114,3358,970,1595,1580,757,0,761,4699,8803,93,0.218,0.157,4194.88,1
13,12,2093,644,5263,6179,292,221,173,143,2974,253074,0,0.239,0.08,10066.07,1
14,12,71,20,2559,3340,11,0,0,5,2478,37280,0,0.014,0.12,6332.94,1
15,12,50,23,2367,2563,8,540,134,3,845,7283,0,0.014,0.12,3259.47,1
16,12,178,85,2920,5494,20,197,390,12,6861,0,0,0.014,0.184,14078.14,1
17,12,412,167,1294,2540,78,404,0,28,6957,0,0,0.131,0.12,8299.07,1
18,12,1338,389,7163,9128,164,455,0,92,5774,0,0,0.309,0.153,20448.67,1
19,12,6082,1635,1749,1933,1022,2093,1644,417,1607,8316,149,0.232,0.102,6308.75,1
20,12,25517,7483,1196,1566,3992,3420,0,1748,1801,25207,119,0.229,0.147,4063.8,1
21,12,20524,5638,2601,3666,3459,5338,0,1406,1583,1646,183,0.249,0.185,6996.55,1
22,12,14990,4283,1256,3758,2526,966,0,1027,1389,29511,0,0.213,0.14,6051.37,1
23,12,2859,972,937,1085,664,0,0,196,1110,58776,0,0.043,0.27,3706.73,1
24,12,1087,351,435,513,168,507,0,74,517,94286,0,0.083,0.148,1414.57,1
25,12,10750,3199,544,544,1865,2499,0,737,318,791,0,0.233,0.175,1045.86,1
26,12,568,185,334,1509,74,0,946,39,1575,0,411,0.436,0.11,2463.41,1
27,12,1517,423,1438,1534,185,231,34,104,957,0,275,0.117,0.114,2420.43,1
28,12,1189,360,1419,1486,164,889,650,81,1831,610,213,0.396,0.102,1928.27,1
29,12,142,50,2081,3897,13,433,45,10,2017,0,0,0.364,0.11,8602.12,1
30,12,1506,463,1982,4207,205,1062,0,103,5471,0,0,0.277,0.067,9770.07,1
31,12,72,16,1827,1966,9,153,0,5,332,6030,0,0.54,0.12,2178.82,1
32,12,13784,3599,359,527,2293,3111,0,944,367,0,0,0.249,0.112,2410.33,1
33,12,13032,3692,650,1237,2172,2544,0,893,432,0,0,0.215,0.136,3545.52,1
34,12,8541,2644,185,248,1388,465,0,585,689,17469,0,0.243,0.114,533.09,1
35,12,1475,447,4651,6239,176,554,220,101,1932,0,33,0.278,0.12,9500.05,1
36,12,2119,1044,4857,6275,153,346,0,145,3425,0,193,0.147,0.067,14397.06,1
37,12,5313,1783,1935,2537,688,1891,8003,364,1460,0,0,0.282,0.149,5357.79,1
38,12,6141,1775,293,435,785,80,0,421,1077,0,62,0.242,0.02,678.36,1
39,12,9422,2617,2789,3284,1492,5672,0,646,955,4828,91,0.334,0.129,4151.48,1
40,12,3600,1000,1632,1894,614,2822,0,247,262,0,0,0.386,0.118,2466.18,1
41,12,25388,7467,3550,4767,3653,3976,2399,1739,2169,3204,0,0.255,0.11,7799.24,1
42,11,18295,5578,1158,1964,2808,83,0,1596,1287,2023,0,0.278,0.059,3696.01,1
43,11,16022,5119,2821,3505,2223,2573,0,1398,1816,0,594,0.275,0.115,5029.54,0
44,11,3137,939,2552,2600,807,0,318,274,1182,0,0,0.282,0.077,3326.86,0
45,11,11929,2982,1460,1866,1914,3742,3298,1041,434,74945,0,0.332,0.15,2685.06,1
46,11,16069,4990,515,1425,2236,2311,0,1402,1978,1134,0,0.303,0.082,3305.59,1
47,11,23912,7202,997,1551,3635,3833,0,2086,1249,0,0,0.268,0.08,5316.11,1
48,11,13996,4320,452,620,1937,2553,0,1221,1691,0,0,0.247,0.075,2623.16,1
49,11,314,209,950,1277,0,0,0,27,1443,131336,224,0.189,0.078,1693.24,0
50,11,12348,4158,2176,2473,1602,684,786,1077,743,718,0,0.24,0.072,3678.54,0
51,11,21576,6828,1542,2160,2922,2573,0,1882,371,20128,0,0.283,0.105,3426.63,0
52,11,6446,1913,3554,3712,923,283,67,562,382,5130,0,0.322,0.017,5063.77,1
53,11,7172,2180,884,1060,966,1439,549,626,1047,1738,0,0.4,0.105,2447.77,1
54,11,17561,5557,351,676,2472,1154,0,1532,353,0,0,0.205,0.111,1652.3,1
55,11,12604,4040,408,488,1902,670,0,1099,1097,0,62,0.242,0.103,1727.76,0
56,11,9032,2991,2007,2007,1145,885,0,788,2182,0,0,0.281,0.079,2775.47,0
57,11,8629,2451,1311,2146,1183,765,0,753,1604,1354,0,0.311,0.05,2905.06,1
58,11,9226,2779,2831,3426,1070,2167,70,805,3295,0,203,0.225,0.052,8757.14,1
59,11,13878,4155,278,469,1938,1461,0,1211,269,994,0,0.186,0.123,1976.23,1
60,11,5308,1707,642,1160,686,969,0,463,1147,0,34,0.189,0.079,3218.73,1
61,11,6811,2089,1606,1798,1146,1884,0,594,2323,22164,263,0.214,0.07,3572.87,0
62,11,10924,3741,632,843,1321,980,0,953,273,34823,0,0.271,0.067,1232.65,0
63,11,5782,1865,197,433,731,0,0,504,526,0,0,0.276,0.074,1115.43,0
64,11,5741,1888,4767,5905,673,1583,5047,501,2962,0,0,0.277,0.069,9573.07,1
65,11,3931,1248,2701,3535,463,1716,804,343,4827,0,136,0.283,0.033,9508.96,1
66,11,4316,1336,3892,4457,535,36,4706,376,2933,6138,15,0.339,0.042,8217.56,1
67,11,11435,3497,284,525,1710,300,0,997,302,6874,0,0.24,0.054,1631.04,1
68,11,4480,1299,90,90,696,0,0,391,309,86446,0,0.142,0.045,829.78,0
69,11,15257,4347,524,868,2601,2207,0,1331,1096,27087,0,0.195,0.094,2678.9,0
70,11,4596,1348,597,597,723,0,0,401,23,25663,0,0.154,0.096,498.73,0
71,11,5630,1896,792,1077,614,964,0,491,534,0,0,0.271,0.075,2243.14,0
72,11,7510,2362,1497,1635,843,2177,0,655,555,7706,0,0.329,0.059,2935.99,0
73,11,5459,1943,311,311,601,262,0,476,237,0,0,0.314,0.107,801.54,0
74,17,18471,5061,382,1149,3062,3797,0,698,709,7972,0,0.281,0.068,4042.58,0
75,17,29471,8074,994,1532,4607,1461,0,1113,368,39538,0,0.243,0.096,4416.95,0
76,17,8946,2527,661,830,1474,2874,0,338,750,6551,0,0.209,0.029,1620.08,0
77,17,23461,6627,759,1224,3785,6594,0,886,1698,995,0,0.252,0.081,3443.95,0
78,17,15411,4493,791,946,2506,1519,0,582,519,0,0,0.161,0.094,1627.9,0
79,17,24185,6699,867,1321,3945,1651,0,914,262,0,0,0.232,0.049,2750.01,0
80,17,27256,7592,766,1163,4817,3421,0,1030,2029,183996,0,0.197,0.071,1577.98,0
81,17,22680,6214,1379,2999,3608,4773,0,857,2546,19540,0,0.177,0.081,6339.63,0
82,17,27115,7905,2357,4504,4392,3683,0,1024,6777,42280,0,0.216,0.073,10919.57,0
83,17,21129,6054,489,1030,3194,1919,0,798,1370,55296,0,0.217,0.099,2134.44,0
84,10,10436,3271,777,886,1367,1257,0,733,427,902,0,0.211,0.094,2149.96,0
85,10,7836,2456,157,268,1072,461,0,550,311,0,0,0.255,0.029,827.31,0
86,10,12297,4045,759,1291,1431,54,0,864,680,0,0,0.249,0.097,4073.09,0
87,10,12599,4104,1779,2091,1641,2371,0,885,786,2544,0,0.191,0.126,5329.45,0
88,10,12940,4082,706,946,1693,1907,0,909,625,785,0,0.291,0.124,1329.6,0
89,10,10176,3121,411,467,1457,2065,0,715,378,0,0,0.311,0.082,1295.18,0
90,10,12273,3631,301,490,1750,1899,0,862,404,1912,0,0.236,0.079,1649.59,0
91,10,6179,1872,252,304,852,0,0,434,91,0,0,0.216,0.121,556.67,0
92,10,6138,1974,226,288,825,2307,0,431,277,0,0,0.208,0.054,694.43,0
93,10,10921,3467,218,247,1406,518,0,767,371,0,0,0.292,0.108,749.36,0
94,10,12462,4154,683,868,1434,834,0,875,988,0,0,0.303,0.082,2225.32,0
95,10,12165,3874,600,875,1578,405,0,855,39,27968,0,0.224,0.114,1575.38,0
96,10,9718,2867,213,350,1316,518,0,683,430,16557,0,0.213,0.104,979.8,0
97,10,9966,2984,419,419,1448,811,0,700,198,753,0,0.281,0.166,471.68,0
98,10,8611,2683,641,828,1268,754,0,605,733,8625,0,0.243,0.068,1804.05,0
99,10,12313,3836,316,375,1669,2813,0,865,264,604,0,0.208,0.085,570.74,0
100,10,11615,3498,292,292,1508,1414,0,816,216,7040,25,0.299,0.079,1335,0
101,10,12394,3985,1062,1226,1596,1189,0,871,799,4587,141,0.269,0.071,3589.17,0
102,10,10871,3080,544,796,1583,1979,0,764,1559,50382,0,0.218,0.089,1124.3,0
103,10,9106,2639,357,659,1376,3000,0,640,380,54229,0,0.236,0.108,795.41,0
104,10,8675,2500,317,432,1277,1975,0,609,210,38689,0,0.246,0.092,939.62,0
105,10,11361,3303,357,416,1737,1171,0,798,211,3253,0,0.246,0.128,1325.59,0
106,10,6703,1915,448,660,870,0,0,471,884,1039,0,0.231,0.119,982.03,0
107,10,12152,3617,1690,2018,1548,524,0,854,652,22926,0,0.337,0.035,2522.86,0
108,9,333,132,2570,3308,82,2031,0,25,847,0,0,0.324,0.061,3433.13,0
109,10,5142,1521,1481,1825,602,0,0,361,549,6460,106,0.259,0.07,2137.99,0
110,10,11121,3464,2392,2684,1363,3656,5390,781,1633,0,0,0.279,0.03,3807.42,0
111,10,11352,3389,284,284,1634,936,0,797,940,61894,0,0.278,0.081,292.55,0
112,10,22270,6810,705,963,3459,3666,0,1564,1187,0,0,0.241,0.09,1665.25,0
113,10,7323,2069,249,564,1076,0,0,514,338,0,0,0.266,0.049,1373.64,0
114,10,8738,2640,175,175,1230,831,0,614,338,3680,0,0.238,0.048,980.87,0
115,10,13176,4105,307,414,1850,0,0,926,186,10759,0,0.236,0.101,614.08,0
116,6,1521,492,4265,4374,120,590,2566,268,1560,2222,116,0.275,0.066,6354.22,0
117,6,7565,2292,7897,8318,809,990,1763,1335,1164,1280,92,0.397,0.03,11515.57,1
118,6,5178,1555,9036,9770,521,0,2929,914,2734,50326,49,0.408,0.024,12477.38,1
119,6,4805,1506,7744,7971,550,868,12173,848,2254,1905,176,0.308,0.066,8674.37,1
120,6,4564,1217,6006,6189,400,103,3933,805,791,0,515,0.338,0.042,8105.9,1
121,6,2608,828,6200,6520,283,422,2332,460,1151,0,0,0.309,0.044,8161.19,1
122,6,19339,6025,5755,6030,2075,2285,0,3412,1922,0,70,0.403,0.023,7276.09,0
123,6,12326,3542,5664,5928,1383,2574,1979,2175,1082,17404,242,0.407,0.02,7099.09,0
124,6,2541,726,18611,19013,222,385,1871,448,883,0,149,0.381,0.055,19462.56,0
125,6,4740,1441,6928,7334,457,256,2001,836,1747,380,131,0.424,0.081,10622.33,1
126,6,4579,1690,6332,6931,500,735,7732,808,2478,0,34,0.302,0.052,9081.83,1
127,6,2260,508,9719,10427,336,217,7634,399,1200,2492,0,0.444,0.1,12818.32,1
128,6,1917,447,6084,6585,239,3623,20707,338,927,0,59,0.132,0.06,8141.17,1
129,6,1706,514,4665,4937,416,161,0,301,338,0,0,0.44,0.053,5798.98,1
130,6,8882,2820,5508,5880,963,536,167,1567,1067,2578,465,0.29,0.026,7713.75,1
131,6,25281,7480,7642,8480,2820,2261,5046,4460,2903,19395,0,0.376,0.073,10672.73,0
132,6,15479,4705,1122,2043,1663,309,0,2731,1459,39819,0,0.408,0.03,2991.91,0
133,6,704,213,688,910,67,0,1029,124,345,129595,0,0.54,0.066,1281,0
134,6,4861,1553,12457,13016,360,493,12,858,811,14894,375,0.392,0.044,15384.95,0
135,6,372,112,4962,5479,29,0,0,66,1242,0,0,0.542,0.066,6425.17,0
136,6,922,245,5253,5947,105,504,0,163,3727,0,0,0.295,0.146,9414.42,1
137,6,7640,1979,8615,9255,1160,3602,10488,1348,3156,0,305,0.332,0.066,10950.16,1
138,6,3867,1168,3917,4262,470,147,1356,682,1135,0,237,0.412,0.039,4059.4,1
139,6,17607,5303,1804,1861,1993,1614,5397,3106,732,4053,0,0.4,0.066,2290.44,0
140,2,18833,5335,3418,3717,2069,2452,0,2255,1637,44773,671,0.446,0.026,5213.22,0
141,6,10239,2752,4147,4329,1068,1723,667,1806,39,174397,0,0.548,0.066,5041.5,0
142,6,8436,2812,929,1250,851,263,74,1488,344,1938,0,0.342,0.066,2542.7,0
143,6,13703,4152,4412,4477,1277,311,265,2418,1374,75462,203,0.419,0.024,6626.48,0
144,6,21,7,2782,2782,0,0,0,4,3916,0,0,0.014,0.066,2600.74,0
145,6,1610,491,1700,1933,151,0,0,284,648,0,110,0.365,0.066,2998.82,0
146,6,7275,2339,3303,3411,819,1776,0,1284,1652,2725,0,0.427,0.027,4957.84,1
147,6,4239,1250,3710,3923,373,2097,5059,748,2389,34436,110,0.35,0.048,5393.83,1
148,6,16,5,4083,4330,5,213,61,3,299,375461,0,0.014,0.066,4852.5,1
149,6,8442,2498,2940,3185,1046,1541,0,1489,758,0,0,0.364,0.031,3485.45,0
150,6,8704,2431,6189,6464,1186,0,15633,1536,59,7162,1121,0.274,0.031,9021.25,0
151,6,33,10,5828,6485,3,0,34533,6,52,0,0,0.014,0.558,8342.46,1
152,6,7338,2330,4294,4791,815,1369,6856,1295,574,0,0,0.342,0.069,6912.27,0
153,6,11555,3645,3344,3809,1382,1908,3018,2039,1648,588,0,0.354,0.066,5861.12,0
154,6,3,1,2657,2657,0,0,1199,1,0,0,1721,0.014,0.066,3971.71,0
155,7,10464,3571,835,922,1086,939,0,967,403,0,0,0.324,0.064,1733.12,0
156,7,3981,1293,1648,1713,511,48,0,368,971,0,173,0.296,0.037,2506.66,0
157,7,19966,6069,1832,2014,2256,1735,1467,1845,841,4336,221,0.319,0.065,2994.69,1
158,7,13116,4011,1716,1961,1495,1552,484,1212,373,11979,10,0.393,0.052,4251.61,1
159,7,13258,4305,4726,5363,1483,4523,1025,1225,1501,97622,0,0.315,0.058,7273.34,0
160,7,4484,1393,838,1108,501,0,0,414,627,1965,0,0.289,0.044,2042.64,0
161,7,15454,4985,309,1005,1940,813,0,1428,304,7776,0,0.277,0.071,2012.76,0
162,7,9066,2887,984,1217,1219,628,0,838,270,0,0,0.268,0.039,1749.66,0
163,7,7021,2265,795,868,845,1030,0,649,201,0,0,0.246,0.089,1668.9,0
164,7,6261,2066,2732,3278,719,1130,0,578,670,0,0,0.229,0.095,6530.7,0
165,7,11602,3683,3078,3416,1399,1223,3658,1072,1161,0,0,0.348,0.074,5480.8,1
166,7,2533,898,5614,6341,262,969,5969,234,2078,1680,222,0.366,0.029,7912.66,1
167,7,9448,2837,4536,5152,1060,1624,2585,873,5355,33365,63,0.333,0.012,8401.37,1
168,7,7166,2319,3933,4467,761,719,0,662,494,0,0,0.432,0.018,5844.87,1
169,7,5158,1708,3076,3169,499,295,1395,477,1688,15501,30,0.364,0.058,4125.85,0
170,7,12854,3943,4954,5466,1424,1527,2273,1188,730,2061,0,0.324,0.058,6501.86,0
171,7,5356,1653,455,641,696,1370,0,495,357,1574,0,0.208,0.054,1185.95,0
172,7,5399,1759,110,117,733,0,0,499,88,712,0,0.138,0.021,222.87,0
173,7,3792,1139,953,953,512,1084,3943,350,396,40553,533,0.299,0.06,1385.15,0
174,7,2902,898,1755,2349,449,340,0,268,671,0,0,0.254,0.029,5555.7,0
175,7,16854,5250,350,1027,2331,1222,0,1557,609,193,0,0.252,0.073,1300.39,0
176,7,1383,450,3179,3326,127,142,621,128,174,0,0,0.536,0.108,4606.82,1
177,7,2045,563,2540,2540,186,51,25,189,1473,2776,131,0.385,0.058,3212.21,0
178,7,1278,377,829,829,105,0,0,118,358,808,0,0.499,0.058,911.27,0
179,7,6850,2134,4552,4942,699,953,0,633,3692,1913,0,0.387,0.014,6919.93,0
180,7,4235,1311,4966,5236,455,2104,0,391,1024,35986,0,0.406,0.058,7901.8,0
181,7,3309,1379,3990,4435,523,0,2287,306,5,515,0,0.235,0.102,7352.2,0
182,7,10192,3256,598,598,1112,485,0,942,267,59763,0,0.303,0.052,1223.72,0
183,7,13729,4186,451,514,1825,511,0,1268,263,0,0,0.255,0.032,680.47,0
184,7,23966,7443,877,1101,2816,2823,0,2214,576,26131,0,0.284,0.069,2662.32,0
185,7,10884,3075,596,826,1535,2183,669,1006,1021,3797,124,0.237,0.08,1645.66,0
186,7,13162,3849,312,369,1834,849,0,1216,690,573,0,0.261,0.09,887.19,0
187,7,12823,3828,439,512,1776,2333,0,1185,618,5496,0,0.241,0.083,1194.29,0
188,7,0,0,1511,1627,0,0,0,0,0,174,0,0.014,0.058,2096.7,0
189,7,5212,1520,2485,2924,513,540,0,482,643,20600,0,0.372,0.019,4460.83,0
190,7,9426,2964,4618,4808,929,279,0,871,1655,22274,0,0.541,0.018,7724.71,0
191,7,1144,389,1509,1748,117,312,0,106,283,0,0,0.298,0.103,2950.91,0
192,7,8463,2802,3974,4583,793,933,428,782,230,6566,0,0.372,0.032,5029.98,0
193,16,18149,5185,1168,2186,2752,3688,0,843,371,163831,0,0.212,0.054,3533.76,0
194,16,4320,1171,674,1561,674,4534,0,201,3355,169942,0,0.2,0.044,2405.93,0
195,16,27095,7786,542,985,4478,1893,0,1258,141,0,0,0.253,0.086,2695.32,0
196,16,11175,3157,1672,2194,1719,2052,0,519,565,0,0,0.271,0.048,4758.53,0
197,16,18881,5022,4475,5442,2899,5267,0,877,1539,126255,0,0.308,0.048,8104.02,0
198,16,13442,3819,991,1305,2076,4147,0,624,448,0,0,0.243,0.042,2980.35,0
199,16,21650,6405,1095,2663,3426,1118,0,1006,776,8504,159,0.194,0.082,5285.93,0
200,16,14251,3981,949,1297,2299,4012,0,662,862,0,0,0.208,0.093,3822.76,0
201,16,14242,4104,877,1197,2399,1944,0,661,2506,343466,0,0.234,0.112,3665.16,0
202,16,30145,8662,603,705,5068,2700,0,1400,1514,256031,0,0.25,0.072,1684.46,0
203,16,28467,8042,3705,4065,4551,2807,0,1322,442,19214,50,0.272,0.074,7733.57,0
204,16,591,165,3008,3510,86,0,0,27,0,275497,107,0.343,0.083,5078.12,0
205,16,19370,5097,878,1175,2964,1037,0,900,283,12085,0,0.227,0.077,3630.15,0
206,16,27391,7463,1146,1469,4250,6148,0,1272,2074,21965,0,0.206,0.081,2779.98,0
207,16,1195,317,1504,1767,247,0,0,56,131,0,0,0.094,0.171,2353.19,0
208,16,4437,1177,766,1389,650,0,0,206,1353,128264,0,0.263,0.025,2257.69,0
209,16,1965,678,759,1077,325,163,749,91,2263,68669,0,0.153,0.048,2158.5,0
210,16,3,1,699,897,0,0,0,0,0,0,0,0.014,0.083,2412.33,0
211,16,5331,1754,1002,1822,898,1692,1224,248,2145,138041,49,0.052,0.236,6131.63,0
212,16,11,5,565,740,0,0,0,1,0,407897,0,0.014,0.083,1859.32,0
213,16,2221,671,1710,2387,311,550,0,103,2369,0,0,0.117,0.134,5200.65,0
214,19,11744,3384,405,664,2146,2870,0,360,563,106817,0,0.257,0.03,1148.9,0
215,19,24890,6857,1357,2607,4256,3925,0,763,528,0,0,0.28,0.061,7396.68,0
216,19,11509,3279,520,693,2027,4898,0,353,521,24306,0,0.185,0.102,1798.7,0
217,19,15337,4407,840,1505,2742,0,243,470,1497,2738867,0,0.275,0.038,2338.43,0
218,19,26999,7377,984,1409,4556,2084,0,827,1584,12679,0,0.247,0.059,2640.71,0
219,19,6651,1879,426,426,1023,2071,0,204,23,51756,0,0.293,0.042,695.44,0
220,19,24745,6724,1389,1873,4349,8703,6631,758,340,336139,0,0.263,0.059,3099.87,0
221,19,17098,4913,342,342,3098,1837,0,524,205,147417,0,0.216,0.084,1110.69,0
222,19,4937,1501,479,637,868,1918,0,151,4297,61042,0,0.357,0.064,1309.47,0
223,19,15777,4613,676,1345,2617,3511,0,483,3169,128084,0,0.185,0.044,3889.23,0
224,19,12408,3485,480,898,2100,2448,0,408,184,0,0,0.155,0.05,1893.39,0
225,18,34430,9922,3917,11175,6234,10179,0,1131,2818,0,0,0.211,0.023,20638.71,0
226,19,13880,3877,465,1038,2608,1626,0,425,941,207398,0,0.234,0.052,1923.89,0
227,19,29570,8546,745,2299,5159,4918,0,906,998,32856,0,0.19,0.07,5920.94,0
228,2,22246,6845,2121,2121,2643,3463,0,2663,291,40750,0,0.453,0.011,3345.7,0
229,2,12275,3777,283,283,1463,2390,14964,1470,599,177935,0,0.348,0.035,1713.82,0
230,2,9,2,3775,4069,1,0,9745,1,0,0,963,0.014,0.038,4710.18,0
231,2,13629,3872,787,946,1521,343,0,1632,1414,19025,0,0.381,0.038,2348.45,0
232,2,19558,5636,2004,2323,2252,3594,5131,2341,561,53675,0,0.38,0.038,3041.73,0
233,2,13201,3929,3470,4028,1476,1782,87,1580,1206,11431,0,0.445,0.046,8646.34,0
234,2,31484,9628,2439,2993,3952,3820,0,3769,127,85094,0,0.432,0.038,6080,0
235,2,7080,1820,539,584,639,1947,0,848,10,121256,0,0.382,0.055,768.14,0
236,2,12139,3263,3197,4149,1186,2061,0,1453,332,123463,322,0.644,0.038,7810.57,0
237,2,4803,1295,3532,4184,386,650,0,575,5,88623,0,0.652,0.038,5500.64,0
238,2,7401,1927,6402,7451,498,1320,9680,886,466,147231,260,0.555,0.038,10789.9,0
239,2,8669,2275,5104,5851,712,3425,580,1038,27,29827,0,0.501,0.038,9797.58,0
240,2,15865,4242,6478,8040,1669,4672,4790,1899,1906,335745,292,0.564,0.017,11825.32,0
241,2,22623,6673,2333,2582,2747,2943,818,2708,565,457,0,0.464,0.017,4164.86,0
242,2,8165,2346,604,604,943,151,0,977,351,0,0,0.426,0.087,1507.35,0
243,2,12074,3373,415,489,1489,0,0,1445,770,5912,0,0.389,0.024,1255.85,0
244,2,20836,5869,594,747,2646,3333,0,2494,594,6933,0,0.423,0.028,1676.75,0
245,2,7410,2345,457,457,936,597,0,887,729,3597,0,0.396,0.034,457.33,0
246,2,8281,2414,1228,1228,966,1371,0,991,1453,8811,0,0.397,0.018,2673.13,0
247,2,17455,4782,3989,4309,2012,1109,0,2090,389,35377,0,0.449,0.037,9223.62,0
248,2,9583,2770,192,192,1202,557,0,1147,498,19764,0,0.494,0.038,156.2,0
249,2,17601,5350,1565,1737,2000,1489,571,2107,322,71869,0,0.509,0.038,2308.33,0
250,2,14421,4156,1818,1818,1634,2542,385,1726,192,46863,0,0.497,0.023,2750.02,0
251,2,13652,4162,2066,2415,1503,1474,3805,1634,340,54426,0,0.42,0.038,2727.08,0
252,2,9432,2657,2714,2867,1191,262,0,1129,328,7008,0,0.558,0.038,5281.33,0
253,2,27734,8507,3753,4041,2993,4315,472,3320,850,34314,280,0.442,0.014,7566.82,0
254,2,12277,3654,9292,10095,1417,743,1199,1470,328,43476,213,0.469,0.026,14131.47,0
255,2,6124,1957,381,601,567,230,0,733,2974,0,0,0.365,0.038,511.31,0
256,2,10061,3049,2341,2524,1192,472,0,1204,360,0,0,0.372,0.093,4507.43,0
257,2,12159,3387,5342,6014,1436,1105,1205,1456,563,8122,0,0.358,0.048,6656.96,0
258,2,5628,1670,1142,1352,633,1605,0,674,31,0,0,0.283,0.026,1635.25,0
259,2,7653,2238,1386,1440,875,902,240,916,136,6935,0,0.349,0.108,1915.92,0
260,2,7393,2247,148,148,929,650,0,885,1105,19780,0,0.354,0.035,213.72,0
261,2,6408,1942,3445,3629,711,1122,11991,767,255,7771,0,0.351,0.049,4524.35,0
262,2,14361,4199,287,287,1958,366,0,1719,374,0,0,0.359,0.044,472.35,0
263,3,7721,2436,4316,4660,780,391,3,881,1074,55643,0,0.475,0.085,6213.95,0
264,3,6606,2052,8804,9454,579,1119,11218,754,1210,7157,0,0.427,0.041,11691.31,0
265,3,16858,5124,5712,6707,1473,1868,2978,1924,1753,17329,10,0.375,0.041,10038.91,0
266,3,6784,2068,5211,6080,580,1229,0,774,406,4033,0,0.582,0.045,7688.56,0
267,3,24440,7614,2787,2873,2428,1100,0,2790,2320,9049,205,0.34,0.029,4586.75,0
268,3,12743,3715,2409,2637,1502,3796,7766,1455,154,30217,0,0.458,0.023,4648.44,0
269,3,14536,4250,3025,3214,1745,1960,0,1659,322,11471,161,0.445,0.036,6179.66,0
270,3,18429,5568,2608,2909,2093,2338,2391,2104,2984,34045,0,0.449,0.009,5226.46,0
271,3,17655,5223,9489,10397,1653,2892,2413,2015,2088,5972,0,0.417,0.011,17215.19,0
272,3,5026,1381,33864,35650,418,2017,5393,574,4563,7290,396,0.484,0.041,48009.53,0
273,3,6398,1715,2688,2759,1252,3196,412,730,0,0,720,0.332,0.026,2852.49,0
274,3,95,25,2656,2656,6,0,0,11,0,362092,615,0.014,0.041,2756.77,0
275,3,63,19,14730,14900,8,430,1126,7,2770,55216,0,0.225,0.041,15734,0
276,3,6929,2139,5262,5454,633,136,0,791,516,0,0,0.495,0.041,5790.08,0
277,3,19760,6024,967,1359,2266,1055,801,2255,419,11692,0,0.499,0.035,2767.07,0
278,3,15010,4765,1453,1569,1778,1692,0,1713,274,2337,41,0.53,0.038,1579.87,0
279,3,26486,7883,2368,2491,3116,3912,938,3023,1582,19667,0,0.408,0.045,5642.82,0
280,3,19408,5626,1098,1530,2152,2913,0,2215,334,34881,0,0.48,0.077,3319.13,0
281,3,31297,9484,5263,6271,3815,4793,2989,3572,856,5350,0,0.533,0.015,8681.9,0
282,3,14951,4643,11548,12556,1475,2637,1857,1707,2260,29573,267,0.401,0.041,16106.72,0
283,3,9,3,637,637,0,0,33,1,0,824132,0,0.014,0.041,894.81,0
284,3,5116,1433,30074,33751,391,1107,2725,584,2124,177780,0,0.49,0.026,44208.52,0
285,3,6176,1844,7178,7559,583,313,2975,705,417,52073,622,0.494,0.041,9296.72,0
286,3,10107,3072,6523,7042,961,0,1930,1154,488,21987,0,0.479,0.016,9162.12,0
287,3,5661,1627,2628,2675,604,1680,1170,646,390,107900,0,0.316,0.041,3326.43,0
288,3,57,21,185,185,3,0,0,7,0,0,0,0.014,0.041,93.63,0
289,4,18344,5492,1704,2331,2361,2521,4288,1471,770,10067,0,0.438,0.025,4104.11,0
290,4,14829,4507,1059,1893,1888,1570,47,1189,412,24382,0,0.395,0.03,4046.45,0
291,4,3787,1015,447,589,459,1819,0,304,52,4086,0,0.436,0.037,1008.65,0
292,4,7237,1951,3153,3605,885,2171,0,580,1026,4386,0,0.394,0.023,4849.89,0
293,4,6378,1782,3263,3885,768,2976,63,512,465,0,233,0.515,0.014,5904.1,0
294,4,0,0,659,659,0,0,0,0,0,0,0,0.014,0.037,825.81,0
295,4,19966,5721,1981,2278,2557,1885,0,1602,530,94325,0,0.501,0.032,4032.29,0
296,4,23895,6355,4630,4772,3770,3295,7718,1917,172,111115,0,0.358,0.013,4440.66,0
297,4,1872,462,1188,1251,370,1454,112,150,217,559378,0,0.336,0.022,1418.14,0
298,4,13464,4055,1239,1977,2376,1925,0,1080,172,156489,0,0.321,0.054,3771.63,0
299,4,17007,4887,941,1341,2304,3113,0,1364,600,46916,0,0.427,0.019,2697.88,0
300,4,27058,8326,966,1442,3641,2836,0,2170,1387,70834,0,0.35,0.05,3911.02,0
301,4,16690,5088,966,1051,2079,658,0,1339,1122,49590,0,0.293,0.051,3440.35,0
302,4,8721,2344,174,174,1108,438,0,700,801,16790,0,0.391,0.028,236.28,0
303,4,7942,2200,921,985,878,1422,0,637,192,1405,0,0.415,0.054,920.1,0
304,4,7881,2189,4513,4883,875,37,0,632,585,38392,107,0.372,0.058,7064.86,0
305,4,4898,1299,2185,3035,490,425,0,393,359,0,0,0.402,0.021,2796.89,0
306,4,20037,5946,401,513,2925,1805,0,1607,1509,12814,0,0.279,0.037,1793.54,0
307,4,19476,5849,390,881,3015,172,0,1562,873,19925,0,0.278,0.052,3470.92,0
308,4,18415,5432,1060,2332,2762,3080,0,1477,3937,30437,0,0.308,0.032,7373.45,0
309,4,13498,4078,702,990,2163,4873,0,1083,409,20387,0,0.234,0.06,1144.44,0
310,4,18279,5392,5003,5664,2326,1516,0,1466,703,29896,0,0.338,0.03,9197.78,0
311,4,10248,2487,662,730,1060,3274,0,822,65,2500671,0,0.379,0.012,1208.45,0
312,4,20503,5775,576,838,2904,1609,0,1645,195,6907,0,0.381,0.023,1341.8,0
313,4,14917,4466,902,1241,2209,4129,0,1197,296,12578,0,0.334,0.026,2249.19,0
314,4,7905,1896,3606,3810,980,1946,14143,634,533,231,0,0.346,0.046,3970.84,0
315,4,17494,5222,1878,2631,2199,3589,0,1403,434,11580,0,0.341,0.01,3066.55,0
316,4,9331,2689,1785,2277,1195,1344,0,748,779,0,193,0.331,0.015,3162.17,0
317,4,12442,3485,3330,3746,1454,2454,0,998,253,0,0,0.334,0.035,6349.17,0
318,4,27457,8221,881,1157,3509,2245,360,2202,533,81560,0,0.352,0.046,2929.28,0
319,4,31522,8589,1540,2143,4263,8024,0,2528,1192,591749,0,0.365,0.029,2474.4,0
320,4,19119,5542,2185,3045,2648,4482,0,1534,207,6288,0,0.402,0.014,5305.34,0
321,4,21074,5970,3030,4412,2718,6701,240,1690,575,6084,181,0.397,0.041,8296.39,0
322,4,10657,3010,1131,1425,1415,373,0,855,728,4016,129,0.438,0.037,2462.57,0
323,4,18755,4642,375,375,2173,1699,0,1504,65,651109,0,0.357,0.025,924.22,0
324,4,16747,5014,335,335,2422,0,0,1343,777,8485,0,0.302,0.031,0,0
325,4,15759,4718,1658,3907,2337,1250,0,1264,725,6099,0,0.299,0.04,5103.16,0
326,4,26964,8322,1049,1882,3590,1889,0,2163,637,0,0,0.35,0.035,4847.63,0
327,4,26003,7105,1816,2420,3559,2317,0,2086,1185,19717,0,0.372,0.032,4763.79,0
328,4,7758,2198,3370,3916,1027,5953,0,622,229,6593,0,0.314,0.011,6325.72,0
329,4,7647,2405,279,734,1229,505,31571,613,88,3363,0,0.276,0.055,1229.11,0
330,4,17813,5414,480,864,3205,2334,0,1429,1552,3109,0,0.266,0.056,2452.65,0
331,4,15474,4776,431,488,2821,0,0,1241,797,10604,0,0.25,0.079,742.21,0
332,4,18134,5413,2645,3431,2731,1630,2399,1455,794,100614,0,0.27,0.037,5913.87,0
333,4,29235,8499,1548,1979,4468,2578,0,2345,1091,33461,0,0.339,0.021,4636.74,0
334,4,22588,6743,1578,2044,3139,3470,0,1812,1763,80223,0,0.301,0.034,2716.54,0
335,4,29219,7379,3755,4699,4200,4654,616,2344,322,314314,0,0.331,0.036,8189.87,0
336,8,19842,5870,1123,1431,2548,2047,0,1658,507,0,0,0.32,0.029,2313.89,0
337,8,14351,4246,1241,1549,1869,3936,0,1199,927,45339,0,0.268,0.099,2129.68,0
338,8,19430,6149,543,895,2722,1473,0,1623,598,25703,0,0.317,0.083,2147.46,0
339,8,17272,4865,345,578,2375,3017,0,1443,335,0,0,0.332,0.034,1477.58,0
340,8,18396,5491,3284,3791,2105,1022,0,1537,1522,8592,0,0.331,0.052,6554.01,0
341,8,22824,6484,1510,1781,2889,3331,1722,1907,1267,0,0,0.319,0.069,2952.05,0
342,8,17830,5322,1028,1028,2219,1581,0,1490,1201,0,0,0.27,0.091,1977.13,0
343,8,14346,4511,441,441,1696,857,0,1198,262,8,0,0.329,0.036,1328.5,0
344,8,23893,7262,667,1301,3496,3098,0,1996,498,16248,0,0.246,0.09,1893.89,0
345,8,27032,8142,588,733,3795,1104,0,2258,672,9862,0,0.25,0.063,2047.01,0
346,8,17188,5545,616,670,2412,368,0,1436,454,3219,0,0.236,0.042,1516.96,0
347,8,8611,2796,172,194,1176,0,0,719,39,0,0,0.268,0.084,514,0
348,8,18881,5994,436,713,2166,2638,0,1577,1274,4041,0,0.281,0.035,1575.84,0
349,8,26887,8844,538,1052,3227,3098,0,2246,2266,130904,27,0.351,0.052,2367.61,0
350,8,16380,4640,1579,2407,2084,1731,0,1368,1092,1000,0,0.315,0.037,5902.05,0
351,8,14740,4152,1084,1415,1833,1236,0,1231,317,0,0,0.343,0.034,2862.39,0
352,8,11372,3268,437,641,1392,3265,0,950,810,15352,0,0.295,0.099,1519.11,0
353,8,13355,4173,365,365,1633,594,0,1116,141,6448,0,0.267,0.096,543.82,0
354,8,21586,6502,511,630,3112,2635,0,1803,377,0,0,0.212,0.1,1258.62,0
355,8,15741,4770,1196,1638,2089,1516,0,1315,870,2211,0,0.235,0.111,1835.8,0
356,8,9139,2604,821,891,1231,406,0,763,174,16573,0,0.27,0.072,1473.21,0
357,8,17189,5026,1020,1099,2260,2532,0,1436,357,2200,0,0.331,0.035,1709.25,0
358,8,15452,4222,1543,1813,1942,2372,0,1291,551,10696,0,0.404,0.022,3081.01,0
359,8,13422,3835,2096,3254,1684,872,0,1121,2771,51218,0,0.379,0.036,5765.53,0
360,13,3980,1118,348,597,926,2517,269,337,119,207195,0,0.345,0.073,1524.94,0
361,13,7826,2038,3749,4240,1099,2373,0,662,762,11856,116,0.331,0.118,4620.18,0
362,13,11130,3235,1305,1417,1464,682,0,942,285,0,0,0.232,0.119,2334.99,0
363,13,9448,2872,636,730,1389,781,0,800,325,0,0,0.218,0.062,1054.08,0
364,13,10877,3410,735,1848,1616,221,0,921,212,1655,141,0.234,0.142,2020.33,0
365,13,15625,4246,483,816,2167,1888,0,1323,1484,1074,0,0.301,0.079,1270.09,0
366,13,8799,2404,826,826,1235,1893,0,745,350,0,0,0.357,0.06,1508.26,0
367,13,8265,2302,1369,1638,1121,1731,0,700,232,0,0,0.391,0.071,2436.01,0
368,13,11561,3108,1149,1149,1721,1177,0,979,59,2155,0,0.355,0.075,2059.08,0
369,13,12618,3392,422,422,1910,5343,0,1068,581,0,0,0.324,0.075,928.34,0
370,13,23328,6841,1966,2696,2924,882,0,1975,721,524,0,0.311,0.092,4840.88,0
371,13,16345,4822,2275,3505,2330,2023,518,1384,581,14836,0,0.247,0.115,5248.07,0
372,13,5231,1576,1124,1588,801,402,0,443,1803,0,0,0.277,0.03,3386.66,0
373,13,4621,1236,243,243,572,1707,0,391,664,839,0,0.311,0.051,1136.25,0
374,13,22294,6481,818,818,2982,2563,0,1887,704,0,0,0.344,0.043,2351.57,0
375,13,14462,4097,333,396,2136,377,0,1224,100,5412,0,0.316,0.042,1448.67,0
376,13,27817,7748,767,836,4084,2384,0,2355,265,128102,0,0.333,0.048,2206.32,0
377,13,12660,3556,553,624,1675,1136,0,1072,568,0,0,0.338,0.06,1088.26,0
378,13,13622,3585,1114,1325,1783,3407,0,1153,131,0,0,0.346,0.06,1723.24,0
379,13,9578,2456,192,192,1368,545,0,811,428,76731,0,0.386,0.049,425.33,0
380,14,10441,3203,209,209,1570,0,0,681,187,6272,0,0.208,0.155,826.62,0
381,14,9276,2584,283,331,1399,779,0,605,2539,27250,0,0.274,0.102,797.73,0
382,14,10839,3169,248,248,1579,809,0,707,275,14095,0,0.2,0.106,1243.14,0
383,14,11940,3767,239,286,1690,1694,0,779,327,1449,0,0.233,0.104,310.11,0
384,14,14657,4552,496,496,2067,2014,0,956,223,0,0,0.208,0.167,872.91,0
385,14,12714,3841,254,290,1847,1687,0,830,258,3389,0,0.23,0.127,805.32,0
386,14,14355,4337,287,379,2070,488,0,937,147,0,0,0.26,0.137,677.98,0
387,14,23748,6824,617,1160,3904,2689,2479,1549,150,94618,0,0.29,0.128,2553.12,0
388,14,14630,4216,565,773,2208,789,0,955,128,43559,0,0.239,0.099,1847.65,0
389,14,15930,4713,553,1022,2344,3189,0,1039,166,15726,0,0.228,0.139,1539.08,0
390,14,21294,6226,468,1133,3049,1530,0,1389,283,8310,0,0.273,0.127,2153.24,0
391,14,18579,5417,1476,1859,2702,2049,0,1212,542,2358,75,0.25,0.16,3056.44,0
392,14,8708,2517,382,382,1167,470,0,568,361,0,0,0.218,0.136,1089.41,0
393,14,11893,3369,2848,2942,1760,1796,0,776,2005,27170,0,0.252,0.128,4101.39,0
394,14,12090,3566,1324,1644,1755,3698,0,789,381,0,0,0.258,0.052,3574.5,0
395,14,17929,5304,408,821,2472,2222,0,1170,492,2825,0,0.247,0.122,2312.19,0
396,14,18252,5321,1648,1778,2508,978,0,1191,827,0,0,0.294,0.106,3095.08,0
397,14,10623,2992,1480,2625,1510,2738,0,693,836,0,0,0.289,0.084,5647.48,0
398,14,18876,5519,968,1227,2742,725,0,1232,1126,0,0,0.268,0.094,2093.14,0
399,14,21225,6243,567,1771,3340,3182,0,1385,1226,135922,0,0.232,0.125,1851.32,0
400,14,32650,9688,2004,2561,5129,731,0,2130,1227,14907,0,0.193,0.148,6156.91,0
401,14,19005,5309,2052,3068,2988,4849,0,1240,1838,2411,0,0.224,0.151,5891.9,0
402,14,29442,8509,1358,1852,4422,3040,0,1921,1690,24135,0,0.278,0.063,3493.03,0
403,14,23330,6340,497,497,3670,3215,0,1522,514,4718,0,0.272,0.095,1037.23,0
404,14,21268,6201,1607,1784,3198,2971,0,1388,62,341670,0,0.277,0.125,2806.6,0
405,14,28136,8062,1493,2269,4852,6007,0,1836,798,125506,0,0.329,0.08,5215.18,0
406,13,1185,432,2386,2477,238,3981,0,80,0,0,0,0.305,0.038,2855.63,0
407,14,4480,1374,758,758,1102,0,0,304,113,0,0,0.245,0.025,886.97,0
408,14,10823,3879,5068,5254,2835,4185,0,734,247,0,498,0.297,0.027,5653.34,0
409,15,10027,2310,954,954,1593,2418,0,346,38,85078,0,0.209,0.029,2056.84,0
410,15,22331,6454,911,1101,3753,3742,0,770,26,237410,0,0.278,0.074,2457.63,0
411,15,10230,3119,349,986,1653,2825,0,353,1401,77581,0,0.232,0.093,1239.06,0
412,15,23685,7113,1032,1578,3966,3087,0,816,2822,75656,0,0.233,0.113,3644.11,0
413,15,22147,6438,2462,2659,3818,2197,0,763,476,17189,0,0.248,0.115,5984.54,0
414,15,32588,9557,652,997,5793,4740,2382,1123,427,240140,0,0.201,0.025,1067.79,0
415,15,29549,8900,1148,1442,5082,4267,0,1019,2376,58972,0,0.27,0.053,2937.33,0
416,15,19094,5567,386,476,3354,5301,0,658,4537,171941,0,0.214,0.185,1128.78,0
417,15,23901,6848,481,481,3927,3141,1018,824,1144,163731,0,0.153,0.065,1047.21,0
418,15,23200,6925,907,1522,3808,1062,0,800,1821,3371,0,0.2,0.099,2410.88,0
419,15,18905,5512,1608,1979,3234,4154,0,652,626,60169,0,0.321,0.059,2821.68,0
420,15,2171,608,758,1196,388,0,0,75,2053,249313,0,0.315,0.074,2082.14,0
421,15,3057,828,602,881,428,1468,92,105,1863,51990,228,0.205,0.05,1662.27,0
422,15,15012,4495,327,607,2383,1659,0,517,661,6548,0,0.202,0.097,1086.3,0
423,15,1992,636,1627,1969,324,0,0,69,1849,13279,0,0.118,0.165,3305.59,0
424,15,19721,5700,1810,3484,3238,5875,0,680,1403,14128,0,0.197,0.104,6351.33,0
425,15,27900,7793,2403,2814,4443,4069,0,962,302,503831,0,0.307,0.091,4531.44,0
426,15,35367,9879,2921,3287,5011,4925,0,1219,1971,1529,0,0.282,0.058,6310.74,0
427,15,36058,10100,1824,1994,5520,4330,0,1243,1958,5175,0,0.246,0.048,2916.45,0
428,15,30078,8979,2196,2273,4463,2884,0,1037,1798,56402,0,0.273,0.079,3369.09,0
429,15,18359,5306,395,470,3011,3998,0,633,647,36327,0,0.242,0.08,1841.34,0
430,15,20257,6102,435,1876,3330,2456,0,698,3151,19626,0,0.338,0.083,2760.8,0
431,15,12482,3536,389,389,2331,3843,0,430,865,211809,0,0.138,0.05,1280.79,0
432,15,12379,3684,380,380,2353,6451,0,427,104,9078,0,0.225,0.028,303.21,0
433,15,16590,4795,923,1085,4055,3229,0,1125,396,0,0,0.361,0.028,2730.3,0
434,15,25161,7511,617,1530,4536,357,0,867,317,1773,0,0.275,0.065,1441.52,0
435,15,42050,12820,841,921,7961,3652,0,1450,1937,27789,0,0.247,0.067,2988.45,0
436,15,0,0,146,1482,0,0,0,0,0,0,0,0.166,0.061,2866.9,0
437,20,8037,2290,1338,1660,1283,4908,0,428,228,0,217,0.236,0.055,3272.58,0
438,20,16524,4515,1178,1616,2604,1041,0,881,101,0,0,0.23,0.052,2885.8,0
439,20,17687,5010,1759,2350,2796,3298,0,943,298,55970,0,0.254,0.028,4028.48,0
440,20,9521,2659,852,953,1562,822,888,508,2966,90326,0,0.231,0.023,2901.82,0
441,20,8887,2441,403,1048,1456,1115,0,474,451,10641,0,0.248,0.049,2650.4,0
442,20,23893,6637,574,1006,3893,2439,8397,1274,411,88646,0,0.21,0.074,2019.63,0
443,20,20732,5840,2404,2914,3194,5430,0,1105,395,21881,0,0.23,0.031,5460.55,0
444,20,25468,7035,5021,6676,4257,6332,240,1358,2578,121450,0,0.255,0.032,12860.35,0
445,20,3836,1096,838,1157,629,0,0,205,240,46871,0,0.202,0.05,1852.33,0
446,20,22761,6466,3896,4880,3524,4608,1345,1213,541,271989,0,0.246,0.025,7484.14,0
447,20,19445,5857,516,1363,3487,4616,0,1037,177,8199,0,0.262,0.048,2572.76,0
448,20,11231,3237,556,594,1934,766,0,599,92,11331,0,0.229,0.025,1056.69,0
449,20,23950,6862,1077,2804,4239,6366,0,1277,136,36847,0,0.215,0.042,4574.21,0
450,15,9158,2709,319,723,1494,1433,0,301,62,63257,1274,0.153,0.055,1626.19,0
451,20,6668,1996,551,836,1277,2228,0,355,2221,41301,0,0.172,0.045,1378.34,0
452,20,4646,1298,757,1101,783,450,0,153,67,1538,0,0.178,0.085,3717.72,0
453,20,15164,4581,1189,1587,2634,1468,0,808,1749,39514,208,0.21,0.04,2961.86,0
454,20,22654,6173,453,904,3584,2234,0,1208,908,133332,0,0.234,0.044,1708.83,0
455,20,19970,5856,1251,1945,3487,1254,0,1065,3680,267423,0,0.212,0.06,2962.31,0
456,18,10963,3106,2203,4030,1818,8349,0,375,2446,74802,0,0.208,0.036,11015.65,0
457,18,5381,1503,681,1464,823,3805,0,184,5959,78927,0,0.243,0.057,2897.89,0
458,18,27690,8049,554,556,4537,2916,0,947,454,69700,0,0.271,0.048,1549.5,0
459,18,12180,3374,1288,1836,1967,2260,1201,417,1398,12960,0,0.259,0.046,3574.73,0
460,18,15102,4183,1220,1836,2564,4637,0,517,1073,107686,0,0.33,0.066,3638.93,0
461,18,24496,6730,490,994,4083,153,0,838,1336,6677,0,0.245,0.052,2338.75,0
462,18,24580,6983,1620,2278,4178,4249,0,841,257,539664,0,0.216,0.068,3887.71,0
463,18,23185,6819,2047,3109,3754,1931,0,793,2975,471293,109,0.253,0.03,5881.35,0
464,18,30316,8916,623,1138,5327,6297,0,1037,450,83841,0,0.197,0.068,4037.18,0
465,18,3885,1091,465,635,658,399,0,133,2053,616989,0,0.246,0.067,1665.97,0
466,18,2074,658,491,1206,267,0,0,71,4026,115243,0,0.301,0.034,2586.68,0
467,18,30108,8602,1093,1835,5011,3203,0,1030,483,46059,0,0.268,0.047,2769.38,0
468,18,229,66,942,1522,28,0,33,8,1515,742,0,0.174,0.05,2637.09,0
469,18,27585,7749,851,1315,4702,4587,0,944,573,88390,0,0.225,0.059,3479.62,0
470,18,11583,3272,578,1120,1960,4658,0,396,1629,27784,0,0.222,0.054,2502.87,0
471,18,25799,7544,584,1343,4389,951,0,883,2259,353132,0,0.221,0.076,3735.92,0
472,18,36,11,1,82,7,0,0,1,0,0,0,0.014,0.061,115.13,0
473,18,0,0,0,0,0,0,0,0,0,0,0,0.014,0.061,0,0
474,18,32315,9513,878,2347,5923,4926,0,1106,885,135613,0,0.254,0.037,4549.79,0
475,18,29071,8476,1121,1847,5014,4315,0,995,1355,36526,0,0.232,0.023,3466.11,0
476,18,27780,8300,1237,1722,5098,4420,0,950,3222,223324,0,0.215,0.037,3381.1,0
477,18,14362,4259,532,901,2444,2239,0,472,1249,0,0,0.234,0.047,2471.79,0
478,18,16857,4777,1927,2776,2815,3429,0,577,1832,122238,461,0.247,0.052,5154.72,0
479,18,0,0,0,64,0,0,0,0,0,0,0,0.014,0.061,204.62,0
480,21,6675,1835,7880,11404,957,1231,1219,547,1022,224421,0,0.274,0.035,12596.89,0
481,21,8951,2413,12571,19145,970,1277,1403,733,325,95899,0,0.305,0.009,19396.85,0
482,21,24,7,1236,2127,3,0,0,2,238,0,0,0.54,0.029,2384.29,0
483,21,858,252,627,1179,113,0,0,70,717,526326,42,0.164,0.029,1339.3,0
484,9,7801,2811,13338,14328,1762,0,1944,588,0,1334,0,0.31,0.059,20786.57,0
485,9,13955,3917,4962,5494,1863,1310,0,1052,2214,71452,0,0.327,0.065,7463.22,0
486,9,5048,1595,219,293,648,799,0,381,130,351,0,0.34,0.06,615.2,0
487,9,4209,1349,259,345,566,0,0,317,76,2450,0,0.266,0.059,578.66,0
488,9,14353,4138,1034,1219,1989,3446,0,1082,465,24549,0,0.311,0.054,2652.73,0
489,9,10135,2894,477,539,1499,1571,0,764,317,4018,100,0.308,0.056,1013.93,0
490,21,21175,5920,2883,3317,3222,5940,0,1734,1044,93039,0,0.339,0.033,5601.39,0
491,21,21147,5737,1847,2467,2759,2740,4397,1732,488,19512,167,0.339,0.021,2717.08,0
492,9,28232,8032,3816,4229,3921,4154,0,2129,1088,16036,213,0.301,0.052,6564.97,0
493,9,11512,3470,333,409,1526,1000,0,868,239,2485,0,0.267,0.086,725.07,0
494,9,11008,3512,884,884,1555,945,0,830,136,22986,0,0.238,0.08,1635.72,0
495,9,9041,2923,1806,1856,1384,1082,0,682,189,43974,0,0.231,0.085,2035.91,0
496,9,17148,4989,1647,1973,2440,2234,0,1293,1623,11975,0,0.236,0.07,5065.72,0
497,9,8060,2305,277,499,1721,2162,0,608,486,0,0,0.308,0.042,625.01,0
498,9,16235,4616,637,758,2480,1886,0,1224,1064,15202,0,0.295,0.043,1587.79,0
499,9,10697,2777,1941,1986,1694,600,1824,807,410,0,0,0.263,0.054,2452.03,0
500,9,14538,4063,402,597,2195,1039,0,1096,846,18436,0,0.278,0.073,792.13,0
501,21,12847,3408,4272,6047,1555,1590,0,1052,628,233326,0,0.295,0.029,7525.23,0
502,5,23416,7283,1345,1549,3267,1274,0,2583,346,38048,0,0.456,0.012,2302.91,0
503,5,30499,9181,1405,1830,4166,3073,0,3364,645,29084,0,0.399,0.012,3481.78,0
504,5,20750,5788,795,1354,2912,3426,639,2289,917,29203,0,0.401,0.013,3050.59,0
505,5,19179,5934,515,625,2401,3790,1229,2115,93,33891,0,0.366,0.021,1430.16,0
506,5,29460,8852,3589,4347,4225,5921,980,3249,1519,114839,213,0.411,0.01,7976.74,0
507,5,22815,6659,1516,1516,3221,2921,0,2516,689,7477,0,0.335,0.006,3318.68,0
508,5,18518,5536,6194,7560,2483,3260,3615,2042,2817,55107,79,0.359,0.038,15142.07,0
509,5,19446,5035,2759,3226,1395,4433,466,2145,40,95179,53,0.428,0.012,4517.48,0
510,5,20854,5967,1863,2712,1774,1921,0,2300,103,0,0,0.354,0.023,5499.66,0
511,5,14841,4663,297,297,1917,1358,0,1637,113,5150,0,0.363,0.011,527.64,0
512,5,482,186,235,354,43,0,0,53,0,708720,0,0.279,0.021,376.03,0
513,5,31812,8954,1512,1784,4359,2637,0,3509,522,35919,0,0.412,0.027,2332.6,0
514,5,4633,1266,1536,1805,601,3374,0,511,103,199498,0,0.391,0.021,2766.38,0
515,5,27502,8454,1780,1905,3635,2079,0,3033,151,61166,0,0.331,0.017,3008.95,0
516,5,22571,6734,1108,1317,3169,3036,0,2489,1427,16446,0,0.384,0.005,3497.4,0
517,5,19615,5676,631,749,2799,970,0,2163,57,13330,0,0.401,0.016,1930.59,0
518,5,31635,9964,1342,1920,4092,5570,0,3489,597,39895,0,0.338,0.023,4883.66,0
519,5,8063,2031,751,751,693,2012,0,889,13,0,0,0.389,0.021,826.32,0
520,22,28,10,1346,1466,0,0,0,3,57,10637,0,0.31,0.028,1542.77,0
521,5,25074,7794,542,1465,3336,934,0,2765,413,330453,0,0.381,0.012,2930.26,0
522,5,19294,5850,386,650,3220,1751,0,2128,696,24885,0,0.379,0.056,2495.05,0
523,5,23077,6781,1853,2005,3300,3101,1325,2545,709,41558,0,0.271,0.022,2864.77,0
524,5,16847,5410,381,381,2220,741,1838,1858,69,25745,0,0.353,0.008,1436.37,0
525,5,26610,8567,912,977,3477,1557,0,2935,856,123452,405,0.36,0.008,2029.11,0
526,5,27062,8444,3461,4026,3500,2804,240,2985,1512,63014,0,0.361,0.006,8715.84,0
527,22,10259,2832,549,795,1343,1017,289,1079,161,83352,0,0.315,0.017,1489.87,0
528,22,11830,3198,830,904,1855,3993,1002,1245,155,43270,0,0.361,0.008,1393.73,0
529,22,824,259,103,152,101,0,935,87,0,7269,0,0.275,0.028,180.95,0
530,22,3791,1063,217,312,478,639,0,399,106,35673,0,0.38,0.047,627.85,0
531,22,52,26,242,242,3,0,0,5,0,134114,0,0.014,0.028,328.02,0
532,1,18793,5693,2630,3017,2071,4157,250,2024,559,8896,0,0.416,0.035,3863.7,0
533,1,3723,1067,3046,4490,358,401,1169,401,1676,19952,0,0.365,0.035,9574.92,0
534,1,21943,7035,3280,4486,2033,2895,1734,2364,1726,34723,129,0.573,0.047,7916.32,0
535,1,31162,10154,2415,3095,3353,3439,2399,3357,990,70264,0,0.6,0.022,5750.38,0
536,1,15401,4991,4047,5087,1694,2989,0,1659,1419,24789,0,0.542,0.035,7398,0
537,1,3004,888,2487,3275,290,911,0,324,983,0,454,0.301,0.035,5690.56,0
538,1,20954,5868,1353,1730,2079,1434,536,2257,460,19172,0,0.569,0.062,3483.75,0
539,1,16691,5076,3718,4182,1688,2429,214,1798,331,27481,0,0.472,0.035,6731.62,0
540,1,25192,7622,1717,2474,2687,1915,0,2713,1310,6498,58,0.437,0.01,3262.98,0
541,1,13965,4119,1989,2351,1563,2161,0,1504,432,3993,0,0.486,0.032,4013.61,0
542,1,31000,9150,5431,6363,3255,4313,537,3339,1065,125190,0,0.414,0.027,9755.98,0
543,1,3191,1036,935,1047,272,909,0,344,257,37149,0,0.292,0.035,971.89,0
544,1,4853,1717,2197,2503,431,272,0,523,376,27884,0,0.57,0.035,3013.43,0
545,1,9420,2758,1979,2212,938,896,256,1015,656,0,0,0.451,0.065,3014.54,0
546,1,8992,2873,1265,1662,987,641,0,969,152,19002,0,0.445,0.035,2243.74,0
547,1,16745,4938,5852,6828,1612,2537,35229,1804,394,68740,544,0.437,0.06,10904.48,0
548,1,27673,8683,553,738,3639,1234,1099,2981,407,92169,0,0.321,0.015,2969.77,0
549,1,8006,2303,2362,2546,826,1167,0,862,849,64939,56,0.444,0.045,3822.79,0
550,1,7829,2346,1012,1175,828,669,0,843,174,124007,224,0.375,0.035,2325.95,0
551,1,15142,4655,3097,4068,1685,3173,1140,1631,361,17335,0,0.552,0.043,5953.53,0
552,1,17120,5764,3546,4128,2030,2354,805,1844,601,13570,56,0.513,0.035,5226.85,0
553,2,17826,4949,979,979,1594,930,0,2134,3470,359121,0,0.407,0.034,1141.83,0
554,1,11457,3422,714,907,1295,1070,25,1234,94,4607,0,0.38,0.068,2419.34,0
555,1,20916,6490,2433,2666,2330,768,252,2253,657,112710,0,0.407,0.025,4531.22,0
556,1,27964,8477,6102,6234,4060,3652,1181,3012,723,55290,465,0.448,0.008,9448.91,0
557,1,27008,7580,2747,3022,3209,1530,599,2909,392,412411,193,0.342,0.008,3091.78,0
558,1,20229,6192,1382,1918,2619,1340,1396,2179,522,48687,0,0.428,0.009,3354.96,0
559,1,13566,3116,2136,2518,1751,4537,0,1461,1396,107920,0,0.32,0.084,4318.06,0
560,1,13181,3834,1236,1366,3172,2511,1699,1420,181,0,0,0.343,0.011,1642.76,0
561,12,191,120,1395,3038,13,0,0,13,13945,0,0,0.143,0.142,10052.28,1
562,12,203,110,351,1763,19,0,0,14,10955,0,0,0.109,0.12,6567.73,1
563,17,15530,4345,983,1341,2482,6835,0,587,316,23355,134,0.225,0.058,2154.36,0
564,17,15154,4567,315,964,2472,1252,0,573,2317,83206,0,0.191,0.075,1762.08,0
565,17,15597,4645,312,603,2785,2689,0,589,1774,81650,0,0.172,0.078,1010.52,0
566,6,14160,4358,4394,4669,1312,1532,1262,2498,62,47070,0,0.496,0.04,5704.29,0
567,20,7519,2314,352,685,1286,324,0,401,2627,99801,0,0.196,0.112,1405.93,0
568,19,10852,3183,1066,1991,1887,1514,0,332,218,46924,0,0.278,0.105,7634.97,0
569,19,18847,5663,528,631,3508,2177,0,577,193,183600,0,0.225,0.085,1500.49,0
570,19,20007,5876,1062,2858,3711,4043,40708,657,0,0,0,0.24,0.053,4464.61,0
571,2,9,3,396,396,0,0,0,1,0,226426,0,0.014,0.038,438.13,0
572,2,21677,6647,1943,2447,2547,1830,1732,2595,111,94719,0,0.454,0.029,2647.67,0
573,2,19439,6211,2599,3031,2398,1699,19359,2327,196,176258,0,0.393,0.047,4342.29,0
574,2,13976,4281,385,528,1782,2257,0,1673,1305,17708,0,0.367,0.038,1935.24,0
575,2,27961,8530,4516,5333,2863,5211,0,3347,1016,22135,0,0.465,0.026,8533.39,0
576,2,16021,4983,320,446,1786,1137,0,1918,1278,14640,0,0.453,0.024,1434.31,0
577,2,25297,7464,3305,3741,2831,2347,3489,3028,863,50641,0,0.426,0.038,4860.45,0
578,3,17085,5132,6090,6438,1714,891,1611,1950,929,235104,0,0.408,0.063,7761.35,0
579,4,1520,410,4898,5165,211,1638,0,122,524,0,129,0.434,0.037,6311,0
580,4,15966,5043,1398,1991,2174,3733,0,1281,151,25795,0,0.329,0.041,3599.2,0
581,4,20559,6397,431,2470,3451,252,0,1649,1578,8636,0,0.235,0.042,4735.18,0
582,4,15257,4052,3507,6430,2307,3677,9870,1224,1108,243346,0,0.345,0.012,8382.06,0
583,4,14237,4494,2830,6766,2420,0,0,1142,3498,23525,0,0.246,0.041,9130.6,0
584,8,12392,3486,928,1270,1586,689,0,1035,67,13532,0,0.292,0.042,1697.54,0
585,14,3658,1064,1102,1698,450,2426,46846,239,213,154027,0,0.352,0.058,3107.11,0
586,15,16808,5032,340,340,2871,1213,0,579,746,0,0,0.168,0.097,143.89,0
587,15,29293,8858,586,586,5461,3540,0,1010,541,0,0,0.241,0.06,1268.2,0
588,15,15336,4511,1295,1295,2730,1031,0,529,504,61817,0,0.345,0.029,1094.84,0
589,15,15,4,57,57,3,0,0,1,0,1280749,0,0.014,0.074,80.09,0
590,15,9521,2784,220,499,1602,5425,0,328,20,110864,0,0.319,0.034,544.03,0
591,15,85,48,2,2,5,0,0,3,0,0,0,0.014,0.074,68.55,0
592,20,2066,585,106,725,347,752,0,68,1,46783,0,0.121,0.109,1541.89,0
593,20,17478,4714,1336,1620,2921,4317,0,932,185,260432,27,0.212,0.039,3887.27,0
594,18,16292,4393,1578,2304,2819,2592,4050,557,555,100328,86,0.264,0.048,4415.43,0
595,9,1272,420,1333,3276,267,1037,0,96,139,37252,0,0.319,0.031,4056.16,0
596,21,14510,4018,816,1177,2153,1887,0,1188,57,11520,0,0.335,0.025,1968.72,0
597,5,17584,5079,1157,1258,2280,702,0,1939,91,83144,0,0.361,0.007,2251.58,0
598,5,29169,8754,1732,1732,3979,2858,0,3217,419,37092,0,0.416,0.021,2532.39,0
599,5,25428,8389,1090,1236,2939,3267,0,2804,955,314671,0,0.376,0.011,2120.4,0
600,5,19187,5777,898,977,2427,1689,0,2116,94,88659,0,0.337,0.026,2222.24,0
601,5,17539,5471,456,555,2416,274,0,1934,13,101763,0,0.381,0.032,1004.95,0
602,5,34317,10162,686,759,4525,1532,0,3785,1487,736575,0,0.398,0.027,3183.28,0
603,5,20819,6256,1403,1484,3008,3351,0,2296,294,64566,0,0.37,0.018,2738.09,0
604,5,29494,9020,2722,3315,3520,273,60350,3253,1089,54285,0,0.398,0.02,3801.57,0
605,5,13975,4435,1332,1628,1823,1635,0,1541,56,23697,0,0.445,0.021,3008.35,0
606,5,27799,8693,3954,4331,3628,3177,1721,3066,110,135679,0,0.401,0.017,6167.98,0
607,5,21562,6391,1616,2140,3015,5860,2711,2378,942,80788,0,0.366,0.018,4989.77,0
608,5,13297,3665,281,549,1702,939,2825,1467,1670,33060,0,0.33,0.091,867.44,0
609,22,2000,493,1196,1357,185,256,11669,210,5,51730,0,0.401,0.058,1683.33,0
610,22,1142,362,175,175,148,0,0,120,0,271349,0,0.251,0.028,288.07,0
611,22,15334,3873,1262,1579,2635,4041,2064,1613,698,56287,0,0.358,0.017,2117.45,0
612,22,13819,3927,1136,1451,2165,2387,146,1454,727,133121,0,0.275,0.027,2572.16,0
613,22,15091,4297,408,408,2335,799,0,1588,208,53020,0,0.379,0.023,1769.11,0
614,2,10778,2383,216,216,1128,145,126,1290,315,20014,0,0.411,0.019,124.77,0
615,2,18713,5201,374,831,3287,1399,0,2240,525,23253,0,0.267,0.066,2089.46,0
616,1,16956,5187,1925,2043,2053,496,9,1826,349,117935,468,0.44,0.032,4705.56,0
617,1,24119,6931,2728,3270,2765,464,48640,2598,652,109325,0,0.412,0.016,4228.51,0
618,4,5616,1574,1147,1147,889,996,0,450,0,76,255,0.317,0.037,1016.92,0
619,4,5418,1422,441,517,1074,1925,900,435,411,0,0,0.316,0.037,435.6,0
620,20,2023,574,1658,3895,340,663,0,66,245,0,0,0.174,0.168,5888.26,0
621,20,7775,2199,1386,2500,1307,1634,0,255,0,0,0,0.075,0.072,4500.48,0
622,17,19805,5678,396,713,3357,509,0,748,196,0,0,0.199,0.086,1184.21,0
623,19,109,32,2,155,14,0,0,3,2336,577011,0,0.364,0.064,462.03,0
624,19,26136,7678,523,1894,4972,4965,0,801,2075,204772,0,0.212,0.066,4105.34,0
625,2,13647,4113,1308,1481,1606,309,249,1634,521,22189,0,0.344,0.038,2504.53,0
626,2,4938,1422,1347,1447,639,904,0,591,1731,14115,0,0.424,0.061,1936.7,0
627,2,18709,5676,4615,5037,2319,2741,0,2240,423,33630,217,0.457,0.038,7195.21,0
628,2,7713,2628,1406,1464,838,1147,0,923,80,6222,0,0.341,0.037,1955.85,0
629,2,12441,3632,2453,3071,1664,569,1824,1489,1213,46287,0,0.358,0.037,4517.92,0
630,2,21337,6907,791,1124,2346,335,0,2554,3,63271,0,0.427,0.054,837.12,0
631,2,19488,5810,1988,2572,2036,197,0,2333,320,220216,0,0.424,0.022,5672.71,0
632,3,17486,5437,1874,1934,1949,746,13711,1996,1480,36894,42,0.299,0.066,2712.67,0
633,3,30,9,5046,5199,7,0,0,3,1,21405,0,0.014,0.041,6001.61,0
634,3,10972,3486,3040,3202,1473,350,10156,1252,779,32668,0,0.3,0.063,4004.99,0
635,4,16893,5133,1048,1635,2149,398,0,1355,971,46453,0,0.442,0.033,1973.13,0
636,4,10478,2982,1575,1640,1665,4142,0,840,235,18367,0,0.381,0.014,2254.52,0
637,4,16745,4979,543,1550,2455,0,0,1343,1677,5813,0,0.277,0.072,4171.89,0
638,4,21309,6624,739,1043,3567,1417,0,1709,886,0,0,0.181,0.085,2459.57,0
639,4,19852,5723,397,397,2657,0,0,1592,293,13000,0,0.337,0.085,1135.26,0
640,4,22399,6915,448,1317,3548,2088,0,1797,1294,0,0,0.331,0.026,3382.52,0
641,4,22274,6669,833,1228,3856,6210,0,1787,928,1973,0,0.254,0.048,1675.37,0
642,8,15321,4396,2092,2455,1946,2456,0,1280,805,15238,0,0.364,0.022,5014.16,0
643,14,10940,3379,522,522,1504,765,0,714,76,23648,0,0.187,0.159,629.2,0
644,14,11234,3582,1160,1414,1549,1586,0,733,514,4923,0,0.276,0.166,2120.44,0
645,14,13853,3939,375,445,1972,1715,0,904,179,0,0,0.29,0.094,1244.89,0
646,15,18737,5519,526,676,3064,5743,0,646,4225,8968,0,0.277,0.074,2645.59,0
647,15,13585,4091,272,272,2196,0,0,468,846,41768,0,0.254,0.031,1468.59,0
648,15,2202,667,828,828,382,0,0,76,0,0,0,0.277,0.074,1531.56,0
649,20,15794,4422,816,1219,2437,1505,0,842,512,0,0,0.232,0.054,3072.11,0
650,20,13460,3963,1056,1246,2178,2155,0,718,686,11029,0,0.286,0.075,2912.44,0
651,20,17188,5069,616,1057,2823,704,0,916,1972,323043,0,0.18,0.036,3309.58,0
652,20,22787,6353,1587,1906,3693,7328,0,1215,316,174649,0,0.237,0.041,3329.55,0
653,20,14773,4435,360,615,2495,634,0,788,66,69733,0,0.278,0.062,1141.42,0
654,20,20908,5965,2103,2436,3526,5343,0,1115,1929,98558,0,0.191,0.057,3627.96,0
655,20,6732,1888,246,314,1125,1464,0,359,1344,69314,0,0.225,0.044,699.71,0
656,18,21084,6073,422,951,3497,5200,0,721,939,96617,0,0.218,0.052,2766.97,0
657,18,13912,3840,1021,2210,2372,2311,1324,476,77,6952,0,0.252,0.038,3674.47,0
658,21,13659,3936,4142,7445,1962,2201,791,1118,1069,56372,0,0.281,0.03,10735.6,0
659,21,31602,9147,4233,4401,4633,4899,0,2588,1330,91268,0,0.327,0.018,5760.95,0
660,21,25452,7786,1162,1717,3737,954,0,2084,1074,52064,0,0.366,0.028,3547.33,0
661,21,15015,4283,2566,2682,2056,1155,1426,1229,807,23558,0,0.275,0.041,2450.85,0
662,21,10373,2762,632,705,1460,2150,3073,849,57,30605,0,0.369,0.028,999.58,0
663,21,10652,2990,392,504,1570,1255,0,872,53,48381,0,0.349,0.047,867.11,0
664,5,19498,5839,1536,1536,2894,2533,2100,2150,509,42093,0,0.385,0.011,2044.06,0
665,5,20444,6842,409,409,2496,2503,0,2255,114,90667,0,0.351,0.035,714.65,0
666,5,14034,4041,390,461,2035,1391,0,1548,92,14619,0,0.376,0.006,1672.48,0
667,5,24,23,2713,3238,3,0,681,3,679,0,0,0.014,0.021,5624.94,0
668,5,8615,2644,498,542,1689,1829,0,950,510,0,0,0.321,0.008,616.38,0
669,5,19117,6165,2722,3097,2343,1468,0,2108,1632,17283,0,0.437,0.009,3949.02,0
670,5,16782,5056,606,876,2209,2609,2871,1851,133,11860,0,0.404,0.021,1771.82,0
671,5,29386,9410,1287,1516,3778,2720,0,3241,113,12686,0,0.361,0.004,2579.4,0
672,22,6333,1973,127,130,697,0,0,666,0,2967,0,0.421,0.028,123.96,0
673,22,10424,3039,345,418,1671,0,0,1097,0,1723,0,0.378,0.042,339.45,0
674,22,15969,4375,319,319,2306,806,0,1680,86,44507,0,0.398,0.039,675.74,0
675,22,14906,4197,298,298,2342,542,0,1568,113,75304,0,0.355,0.03,401.97,0
676,22,1868,608,382,382,201,0,0,197,0,1131,0,0.277,0.028,567.31,0
677,22,180,71,4,4,19,0,0,19,0,0,0,0.014,0.028,0,0
678,22,15075,4435,353,353,1886,0,0,1586,684,127846,200,0.354,0.012,558.33,0
679,22,6141,2470,265,339,1063,1841,5398,646,285,98808,0,0.34,0.02,400.42,0
680,22,18498,5060,760,926,3260,6125,0,1946,810,159974,0,0.371,0.006,2031.88,0
681,22,10623,3190,1479,1606,2008,0,0,1118,916,60081,0,0.359,0.043,1657.85,0
682,22,0,0,0,0,0,0,0,0,0,0,0,0.014,0.028,0,0
683,22,0,0,0,0,0,0,0,0,98,0,0,0.014,0.028,0,0
684,22,17478,4695,1771,2121,2390,4940,0,1839,425,173899,100,0.359,0.026,3203.97,0
685,22,3000,851,476,476,433,0,30,316,672,37124,0,0.381,0.028,604.59,0
686,22,3035,767,61,61,314,47,0,319,91,35453,0,0.303,0.028,0,0
687,1,20747,4956,736,798,2835,1564,0,2235,59,131039,0,0.352,0.035,950.48,0
688,13,1569,583,2213,2213,315,693,23,106,0,991,0,0.301,0.025,1795.04,0
689,14,789,355,124,124,170,0,0,53,21,0,0,0.278,0.025,889.25,0
690,20,11028,3127,1781,3473,1859,0,778,362,1140,6271,0,0.226,0.04,5747.31,0
691,20,56400,15991,3530,7261,9503,11956,0,1853,5830,0,0,0.17,0.033,14623.35,0
692,20,24177,6855,791,1026,4074,7563,0,794,315,0,0,0.178,0.033,2490.74,0
693,15,5044,1535,219,618,966,0,0,166,0,0,0,0.134,0.024,1298.45,0
694,25,54355,15355,3842,5027,7349,15375,0,4066,693,0,0,0.181,0.045,7597.05,0
695,25,35482,10023,3096,4648,4796,13030,0,2654,451,0,0,0.204,0.021,8112.12,0
696,25,65293,18444,2083,4047,8827,10650,0,4884,834,0,0,0.208,0.035,8355.56,0
697,25,79070,22336,1581,3135,10689,9990,398,5914,1010,0,0,0.185,0.029,9188.13,0
698,25,43668,12336,1011,2135,5903,7007,0,3266,557,0,0,0.242,0.023,7673.86,0
699,25,40764,11515,1616,7517,5511,10966,26388,3049,520,0,0,0.237,0.028,14850.76,0
